Date,SHA,Test,Data1,Data2,Data3,Data4,Data5
2023-06-09T09:16+00:00,e8caacc85cf1a8587a1379f310365d861544859e,launchPerformance,3.591289, 4.269342, 3.730289, 3.556253, 3.236080
2023-06-09T09:16+00:00,e8caacc85cf1a8587a1379f310365d861544859e,totalTime,99.444117, 99.326862, 96.906470, 95.914038, 94.281203
2023-06-09T10:09+00:00,165c38cc220cfccf7f357c1ebc09b4fea22e0372,launchPerformance,2.787525, 2.348825, 2.701846, 2.724490, 3.263294
2023-06-09T10:09+00:00,165c38cc220cfccf7f357c1ebc09b4fea22e0372,totalTime,91.391174, 89.739103, 90.407028, 90.113670, 97.565972
2023-06-09T13:25+00:00,42e083dcaff6d0bb6d71128d2f13ffff8a02c434,launchPerformance,2.570230, 2.636437, 2.310011, 2.151899, 2.132765
2023-06-09T13:25+00:00,42e083dcaff6d0bb6d71128d2f13ffff8a02c434,totalTime,90.431198, 91.399307, 92.465426, 100.677157, 105.920036
2023-06-09T16:19+00:00,63df68fd293699746aa4e0bc63188dd6e07819d7,launchPerformance,2.775642, 2.802530, 2.895894, 3.605591, 3.086501
2023-06-09T16:19+00:00,63df68fd293699746aa4e0bc63188dd6e07819d7,totalTime,96.571626, 97.551438, 93.067507, 90.775321, 90.008865
2023-06-12T02:53+00:00,1be74e6e6955b1a593064cacb4cf636108f309ec,launchPerformance,2.873456, 2.460259, 2.171605, 2.943885, 2.855886
2023-06-12T02:53+00:00,1be74e6e6955b1a593064cacb4cf636108f309ec,totalTime,89.435315, 88.626675, 89.190168, 86.732108, 88.174124
2023-06-13T03:00+00:00,46df29e152f668a75f0f676e9a408fec769eff07,launchPerformance,3.979872, 3.702594, 3.714471, 3.922204, 3.692474
2023-06-13T03:00+00:00,46df29e152f668a75f0f676e9a408fec769eff07,totalTime,111.887346, 107.775507, 103.062646, 102.779194, 105.998385
2023-06-14T02:58+00:00,ce89915e86c929d74dd58ae7715c29c6013fabdf,launchPerformance,3.760533, 4.186814, 3.722888, 3.795034, 3.984486
2023-06-14T02:58+00:00,ce89915e86c929d74dd58ae7715c29c6013fabdf,totalTime,107.022452, 101.223207, 100.407994, 99.183525, 103.626136
2023-06-15T02:56+00:00,2cfc8445455b71adfd7105f328abc4f58d24eb50,launchPerformance,3.056439, 3.539295, 2.804923, 2.417010, 2.644448
2023-06-15T02:56+00:00,2cfc8445455b71adfd7105f328abc4f58d24eb50,totalTime,98.388047, 92.297377, 90.580765, 89.201878, 83.885608
2023-06-16T02:50+00:00,163e38b1a9da7e57f8f474fe9cc56e4b8c803820,launchPerformance,4.618419, 3.360388, 3.555969, 2.703757, 3.395957
2023-06-16T02:50+00:00,163e38b1a9da7e57f8f474fe9cc56e4b8c803820,totalTime,100.520584, 99.390712, 89.529845, 89.763980, 84.196742
2023-06-20T02:53+00:00,3bbc16fd645663cb5fde6bbec908490073c98ec2,launchPerformance,2.970193, 3.457602, 3.414603, 3.028130, 3.286562
2023-06-20T02:53+00:00,3bbc16fd645663cb5fde6bbec908490073c98ec2,totalTime,104.006159, 100.467243, 103.071829, 104.248476, 99.223495
2023-06-21T02:51+00:00,ede4ab095c3859eaabd24c184b11b34e9d682fd9,launchPerformance,2.592901, 2.820032, 2.907293, 2.664001, 2.809327
2023-06-22T02:56+00:00,bbcfec357460900fbfcc447fd9b0ce800f7c85bb,launchPerformance,3.011415, 2.367851, 2.331518, 2.561902, 2.111514
2023-06-22T11:48+00:00,6670df3218490d9c8343ecffc0d1e9c83b869e08,launchPerformance,0.946233, 0.969183, 0.895374, 0.870679, 0.837364
2023-06-22T11:48+00:00,6670df3218490d9c8343ecffc0d1e9c83b869e08,totalTime,77.147935, 77.043501, 77.265214, 77.273370, 76.805021
2023-06-22T13:20+00:00,147e1b8d42e43bbbca3589626cc5e42b51198c1c,launchPerformance,0.904441, 0.836043, 0.841755, 0.864850, 0.840010
2023-06-22T13:20+00:00,147e1b8d42e43bbbca3589626cc5e42b51198c1c,totalTime,77.441188, 77.476993, 77.729532, 77.279261, 77.598016
2023-06-23T02:54+00:00,afc4332716fbd01c1e758714a06cf9b433c4a4ba,launchPerformance,3.001360, 3.112446, 2.586575, 2.153318, 2.237726
2023-06-23T02:54+00:00,afc4332716fbd01c1e758714a06cf9b433c4a4ba,totalTime,87.440800, 87.425450, 89.601249, 86.063818, 88.665314
2023-06-23T13:00+00:00,28d241d39bd8df1365727919d092cd43096fadbf,launchPerformance,0.856382, 0.854540, 0.836263, 0.846152, 0.850701
2023-06-23T13:00+00:00,28d241d39bd8df1365727919d092cd43096fadbf,totalTime,76.982608, 77.139476, 77.219852, 77.180266, 77.078860
2023-06-23T13:29+00:00,28d241d39bd8df1365727919d092cd43096fadbf,launchPerformance,0.860156, 0.866152, 0.855311, 0.846303, 0.840221
2023-06-23T14:18+00:00,9c115d8e255fa177b9b4bac7228783fd562659ef,launchPerformance,0.875507, 0.850981, 0.847021, 0.872257, 0.851806
2023-06-23T14:18+00:00,9c115d8e255fa177b9b4bac7228783fd562659ef,totalTime,77.017233, 77.216787, 77.173004, 76.620689, 77.079378
2023-06-23T15:17+00:00,9c115d8e255fa177b9b4bac7228783fd562659ef,launchPerformance,0.882262, 0.855054, 0.847851, 0.883046, 0.867479
2023-06-23T15:17+00:00,9c115d8e255fa177b9b4bac7228783fd562659ef,totalTime,77.091925, 77.322889, 77.193758, 77.270064, 76.572412
2023-06-23T16:19+00:00,1f99e9af8dafbf9d418dc0b976c8d83cca7a2146,launchPerformance,0.851441, 0.854052, 0.870128, 0.851498, 0.865982
2023-06-23T16:19+00:00,1f99e9af8dafbf9d418dc0b976c8d83cca7a2146,totalTime,80.154813, 77.730424, 76.519596, 79.171553, 79.217590
2023-06-23T17:18+00:00,aa30fe29e91618723c8b0592fd1830f93e536d89,launchPerformance,0.843108, 0.836273, 0.854270, 0.850983, 0.834604
2023-06-23T17:18+00:00,aa30fe29e91618723c8b0592fd1830f93e536d89,totalTime,78.537788, 79.141585, 76.521612, 76.657961, 76.823179
2023-06-23T18:18+00:00,aa30fe29e91618723c8b0592fd1830f93e536d89,launchPerformance,0.838037, 0.852394, 0.846432, 0.838946, 0.827600
2023-06-23T18:18+00:00,aa30fe29e91618723c8b0592fd1830f93e536d89,totalTime,77.155696, 77.238238, 77.138253, 76.611499, 77.145463
2023-06-23T19:18+00:00,aa30fe29e91618723c8b0592fd1830f93e536d89,launchPerformance,0.837993, 0.824817, 0.848985, 0.837341, 0.829025
2023-06-23T19:18+00:00,aa30fe29e91618723c8b0592fd1830f93e536d89,totalTime,77.101891, 77.006037, 77.057025, 77.163717, 77.069878
2023-06-23T20:18+00:00,aa30fe29e91618723c8b0592fd1830f93e536d89,launchPerformance,0.849464, 0.854855, 0.827940, 0.845197, 0.822705
2023-06-23T20:18+00:00,aa30fe29e91618723c8b0592fd1830f93e536d89,totalTime,77.277594, 77.129164, 77.316240, 77.059941, 77.222022
2023-06-23T21:17+00:00,aa30fe29e91618723c8b0592fd1830f93e536d89,launchPerformance,0.926669, 0.837746, 0.839994, 0.832684, 0.873125
2023-06-23T21:17+00:00,aa30fe29e91618723c8b0592fd1830f93e536d89,totalTime,77.254936, 76.667529, 77.212441, 77.114421, 77.200041
2023-06-23T22:18+00:00,aa30fe29e91618723c8b0592fd1830f93e536d89,launchPerformance,0.837268, 0.821968, 0.847113, 0.835646, 0.859716
2023-06-23T22:18+00:00,aa30fe29e91618723c8b0592fd1830f93e536d89,totalTime,77.171210, 78.599484, 78.812098, 76.534232, 77.111692
2023-06-23T23:17+00:00,aa30fe29e91618723c8b0592fd1830f93e536d89,launchPerformance,0.856044, 0.861191, 0.850523, 0.843700, 0.831895
2023-06-23T23:17+00:00,aa30fe29e91618723c8b0592fd1830f93e536d89,totalTime,77.026272, 77.141983, 95.885064, 76.950838, 77.136378
2023-06-24T00:35+00:00,aa30fe29e91618723c8b0592fd1830f93e536d89,launchPerformance,0.931048, 0.925803, 0.887595, 0.856544, 0.909059
2023-06-24T00:35+00:00,aa30fe29e91618723c8b0592fd1830f93e536d89,totalTime,76.788112, 77.319286, 77.113114, 77.050632, 76.886369
2023-06-24T01:46+00:00,aa30fe29e91618723c8b0592fd1830f93e536d89,launchPerformance,0.902759, 0.935840, 0.901363, 0.888135, 0.919778
2023-06-24T01:46+00:00,aa30fe29e91618723c8b0592fd1830f93e536d89,totalTime,76.777774, 76.995766, 77.029251, 77.262618, 76.955767
2023-06-24T02:45+00:00,aa30fe29e91618723c8b0592fd1830f93e536d89,launchPerformance,0.892485, 0.922502, 0.845618, 0.839719, 0.845178
2023-06-24T02:45+00:00,aa30fe29e91618723c8b0592fd1830f93e536d89,totalTime,76.812334, 76.986628, 76.440873, 77.128890, 76.945749
2023-06-24T03:28+00:00,aa30fe29e91618723c8b0592fd1830f93e536d89,launchPerformance,0.884620, 0.892491, 0.836411, 0.858014, 0.864800
2023-06-24T03:28+00:00,aa30fe29e91618723c8b0592fd1830f93e536d89,totalTime,77.116813, 77.053881, 79.729987, 77.695900, 76.788736
2023-06-24T04:18+00:00,aa30fe29e91618723c8b0592fd1830f93e536d89,launchPerformance,0.895855, 0.918211, 0.838546, 0.867375, 0.834596
2023-06-24T04:18+00:00,aa30fe29e91618723c8b0592fd1830f93e536d89,totalTime,77.002739, 77.001707, 76.864800, 77.064535, 77.103050
2023-06-24T05:17+00:00,aa30fe29e91618723c8b0592fd1830f93e536d89,launchPerformance,0.886024, 0.910543, 0.888413, 0.857865, 0.857451
2023-06-24T05:17+00:00,aa30fe29e91618723c8b0592fd1830f93e536d89,totalTime,77.034176, 76.762502, 76.576449, 77.082943, 76.630911
2023-06-24T06:18+00:00,aa30fe29e91618723c8b0592fd1830f93e536d89,launchPerformance,0.922899, 0.899677, 0.838608, 0.845144, 0.860128
2023-06-24T06:18+00:00,aa30fe29e91618723c8b0592fd1830f93e536d89,totalTime,76.929318, 77.073799, 77.026723, 77.912767, 76.872692
2023-06-24T07:18+00:00,aa30fe29e91618723c8b0592fd1830f93e536d89,launchPerformance,0.929410, 0.884957, 0.849417, 0.857330, 0.830189
2023-06-24T07:18+00:00,aa30fe29e91618723c8b0592fd1830f93e536d89,totalTime,77.045112, 77.043149, 77.082134, 77.103159, 76.626556
2023-06-24T08:18+00:00,aa30fe29e91618723c8b0592fd1830f93e536d89,launchPerformance,0.948385, 0.901566, 0.848334, 0.850726, 0.862047
2023-06-24T08:18+00:00,aa30fe29e91618723c8b0592fd1830f93e536d89,totalTime,76.935131, 76.524015, 77.114113, 79.490613, 78.274792
2023-06-24T09:18+00:00,aa30fe29e91618723c8b0592fd1830f93e536d89,launchPerformance,0.935483, 0.882529, 0.848884, 0.855812, 0.863701
2023-06-24T09:18+00:00,aa30fe29e91618723c8b0592fd1830f93e536d89,totalTime,77.039886, 76.875048, 76.834337, 77.093143, 76.935157
2023-06-24T10:17+00:00,aa30fe29e91618723c8b0592fd1830f93e536d89,launchPerformance,0.896409, 0.912409, 0.854791, 0.840342, 0.831197
2023-06-24T10:17+00:00,aa30fe29e91618723c8b0592fd1830f93e536d89,totalTime,76.239267, 76.958569, 77.142603, 77.007512, 76.476240
2023-06-24T11:17+00:00,aa30fe29e91618723c8b0592fd1830f93e536d89,launchPerformance,0.971292, 0.958361, 0.969564, 0.912613, 0.929260
2023-06-24T11:17+00:00,aa30fe29e91618723c8b0592fd1830f93e536d89,totalTime,76.818950, 76.887756, 77.037977, 77.071969, 76.443803
2023-06-24T12:18+00:00,aa30fe29e91618723c8b0592fd1830f93e536d89,launchPerformance,0.870496, 0.917052, 0.834091, 0.833105, 0.833836
2023-06-24T12:18+00:00,aa30fe29e91618723c8b0592fd1830f93e536d89,totalTime,76.871163, 77.047338, 77.122721, 77.131445, 77.024698
2023-06-24T13:19+00:00,aa30fe29e91618723c8b0592fd1830f93e536d89,launchPerformance,0.892380, 0.914360, 0.850101, 0.848073, 0.841976
2023-06-24T14:18+00:00,aa30fe29e91618723c8b0592fd1830f93e536d89,launchPerformance,0.871059, 0.884647, 0.845692, 0.848018, 0.857456
2023-06-24T14:18+00:00,aa30fe29e91618723c8b0592fd1830f93e536d89,totalTime,76.854454, 78.468564, 79.927027, 76.543690, 78.100835
2023-06-24T15:18+00:00,aa30fe29e91618723c8b0592fd1830f93e536d89,launchPerformance,0.956162, 0.887207, 0.907037, 0.914829, 0.878192
2023-06-24T15:18+00:00,aa30fe29e91618723c8b0592fd1830f93e536d89,totalTime,76.825021, 76.868999, 77.245372, 77.179835, 76.858255
2023-06-24T16:18+00:00,aa30fe29e91618723c8b0592fd1830f93e536d89,launchPerformance,0.926159, 0.869649, 0.835715, 0.831772, 0.828279
2023-06-24T16:18+00:00,aa30fe29e91618723c8b0592fd1830f93e536d89,totalTime,77.009743, 76.455588, 77.010302, 78.058788, 76.833801
2023-06-24T17:18+00:00,aa30fe29e91618723c8b0592fd1830f93e536d89,launchPerformance,0.917452, 0.918014, 0.833573, 0.843100, 0.844130
2023-06-24T17:18+00:00,aa30fe29e91618723c8b0592fd1830f93e536d89,totalTime,76.456029, 76.419893, 76.372328, 77.047889, 76.447837
2023-06-24T18:18+00:00,a7aae1bbc47a7bce61a11f5874d9f897848d4674,launchPerformance,0.867811, 0.892721, 0.837572, 0.837469, 0.830145
2023-06-24T18:18+00:00,a7aae1bbc47a7bce61a11f5874d9f897848d4674,totalTime,76.940425, 76.856650, 77.035498, 76.549326, 76.915623
2023-06-24T19:18+00:00,a7aae1bbc47a7bce61a11f5874d9f897848d4674,launchPerformance,0.928932, 0.866109, 0.858607, 0.834096, 0.871186
2023-06-24T19:18+00:00,a7aae1bbc47a7bce61a11f5874d9f897848d4674,totalTime,76.521057, 77.170928, 79.699673, 76.473025, 76.477239
2023-06-24T20:18+00:00,41772b57eb0c284ec1b749578ee447da27a2b25f,launchPerformance,0.879666, 0.847655, 0.894919, 0.842428, 0.879057
2023-06-24T20:18+00:00,41772b57eb0c284ec1b749578ee447da27a2b25f,totalTime,77.378881, 77.383362, 77.175891, 77.099573, 78.184358
2023-06-24T21:18+00:00,41772b57eb0c284ec1b749578ee447da27a2b25f,launchPerformance,0.892537, 0.871618, 0.844816, 0.854478, 0.835769
2023-06-24T21:18+00:00,41772b57eb0c284ec1b749578ee447da27a2b25f,totalTime,76.369115, 77.186003, 76.977691, 76.446178, 76.383141
2023-06-24T22:18+00:00,41772b57eb0c284ec1b749578ee447da27a2b25f,launchPerformance,0.912697, 0.899809, 0.832060, 0.850075, 0.837669
2023-06-24T22:18+00:00,41772b57eb0c284ec1b749578ee447da27a2b25f,totalTime,77.135566, 76.840623, 77.187397, 77.164806, 76.556529
2023-06-24T23:18+00:00,41772b57eb0c284ec1b749578ee447da27a2b25f,launchPerformance,0.884284, 0.907900, 0.840283, 0.857546, 0.847785
2023-06-24T23:18+00:00,41772b57eb0c284ec1b749578ee447da27a2b25f,totalTime,76.312247, 76.991162, 76.644029, 77.085958, 76.539248
2023-06-25T00:38+00:00,41772b57eb0c284ec1b749578ee447da27a2b25f,launchPerformance,0.948254, 0.880918, 0.851066, 0.839282, 0.830526
2023-06-25T00:38+00:00,41772b57eb0c284ec1b749578ee447da27a2b25f,totalTime,76.687724, 77.090805, 77.227544, 77.816513, 76.964515
2023-06-25T01:49+00:00,41772b57eb0c284ec1b749578ee447da27a2b25f,launchPerformance,0.949980, 0.908464, 0.827426, 0.845275, 0.835142
2023-06-25T01:49+00:00,41772b57eb0c284ec1b749578ee447da27a2b25f,totalTime,76.707238, 77.323466, 77.211735, 77.155899, 77.002273
2023-06-25T02:50+00:00,41772b57eb0c284ec1b749578ee447da27a2b25f,launchPerformance,0.960083, 0.922063, 0.889846, 0.844548, 0.841735
2023-06-25T02:50+00:00,41772b57eb0c284ec1b749578ee447da27a2b25f,totalTime,76.633417, 76.938329, 76.997009, 77.196201, 77.321239
2023-06-25T03:33+00:00,41772b57eb0c284ec1b749578ee447da27a2b25f,launchPerformance,0.943067, 0.906845, 0.826468, 0.862543, 0.863763
2023-06-25T03:33+00:00,41772b57eb0c284ec1b749578ee447da27a2b25f,totalTime,77.098332, 77.175852, 76.721018, 77.202586, 77.213421
2023-06-25T04:18+00:00,41772b57eb0c284ec1b749578ee447da27a2b25f,launchPerformance,0.940441, 0.901698, 0.911018, 0.897424, 0.853167
2023-06-25T04:18+00:00,41772b57eb0c284ec1b749578ee447da27a2b25f,totalTime,76.915171, 78.208269, 77.220177, 76.494917, 77.115964
2023-06-25T05:18+00:00,41772b57eb0c284ec1b749578ee447da27a2b25f,launchPerformance,0.947654, 0.868797, 0.843758, 0.843276, 0.854394
2023-06-25T05:18+00:00,41772b57eb0c284ec1b749578ee447da27a2b25f,totalTime,76.395691, 77.164673, 77.117228, 78.324145, 78.790416
2023-06-25T06:18+00:00,41772b57eb0c284ec1b749578ee447da27a2b25f,launchPerformance,0.939651, 0.904260, 0.849580, 0.841971, 0.825389
2023-06-25T06:18+00:00,41772b57eb0c284ec1b749578ee447da27a2b25f,totalTime,76.384511, 77.043501, 76.998481, 77.208177, 77.008064
2023-06-25T07:18+00:00,41772b57eb0c284ec1b749578ee447da27a2b25f,launchPerformance,0.936339, 0.901919, 0.833109, 0.854581, 0.842464
2023-06-25T07:18+00:00,41772b57eb0c284ec1b749578ee447da27a2b25f,totalTime,76.992784, 76.207223, 77.147490, 77.076178, 77.103960
2023-06-25T08:18+00:00,41772b57eb0c284ec1b749578ee447da27a2b25f,launchPerformance,0.884777, 0.887459, 0.852215, 0.862645, 0.857078
2023-06-25T08:18+00:00,41772b57eb0c284ec1b749578ee447da27a2b25f,totalTime,77.372823, 77.123009, 77.183597, 77.279722, 76.726883
2023-06-25T09:18+00:00,41772b57eb0c284ec1b749578ee447da27a2b25f,launchPerformance,0.933261, 0.941357, 0.832761, 0.860247, 0.841469
2023-06-25T09:18+00:00,41772b57eb0c284ec1b749578ee447da27a2b25f,totalTime,80.539426, 76.641467, 77.267649, 77.349324, 79.143845
2023-06-25T10:18+00:00,41772b57eb0c284ec1b749578ee447da27a2b25f,launchPerformance,0.877508, 0.884618, 0.842748, 0.846392, 0.830348
2023-06-25T10:18+00:00,41772b57eb0c284ec1b749578ee447da27a2b25f,totalTime,76.574520, 77.143146, 77.077319, 77.228017, 79.262534
2023-06-25T11:17+00:00,41772b57eb0c284ec1b749578ee447da27a2b25f,launchPerformance,1.030218, 0.964128, 0.962898, 0.982788, 0.931475
2023-06-25T11:17+00:00,41772b57eb0c284ec1b749578ee447da27a2b25f,totalTime,77.195987, 76.924374, 77.360079, 77.072412, 76.645453
2023-06-25T12:19+00:00,41772b57eb0c284ec1b749578ee447da27a2b25f,launchPerformance,0.931956, 0.920471, 0.837019, 0.824427, 0.831527
2023-06-25T12:19+00:00,41772b57eb0c284ec1b749578ee447da27a2b25f,totalTime,77.093828, 77.036961, 77.173102, 77.160883, 77.228325
2023-06-25T13:22+00:00,13decc668a4018dadbf71d599d8390a85353f33d,launchPerformance,0.894999, 0.846771, 0.841673, 0.841476, 0.841606
2023-06-25T13:22+00:00,13decc668a4018dadbf71d599d8390a85353f33d,totalTime,77.052497, 76.635995, 77.214760, 77.180624, 77.104698
2023-06-25T14:17+00:00,13decc668a4018dadbf71d599d8390a85353f33d,launchPerformance,0.921711, 0.885123, 0.835911, 0.833531, 0.813162
2023-06-25T14:17+00:00,13decc668a4018dadbf71d599d8390a85353f33d,totalTime,76.900112, 77.235567, 77.178678, 76.880967, 77.183453
2023-06-25T15:18+00:00,13decc668a4018dadbf71d599d8390a85353f33d,launchPerformance,0.939191, 0.872423, 0.856259, 0.838983, 0.854754
2023-06-25T15:18+00:00,13decc668a4018dadbf71d599d8390a85353f33d,totalTime,76.425395, 76.701362, 77.072380, 77.136590, 77.023787
2023-06-25T16:18+00:00,13decc668a4018dadbf71d599d8390a85353f33d,launchPerformance,0.879147, 0.890565, 0.827167, 0.839759, 0.867224
2023-06-25T16:18+00:00,13decc668a4018dadbf71d599d8390a85353f33d,totalTime,80.812061, 76.636700, 81.651801, 77.217621, 77.182223
2023-06-25T17:18+00:00,13decc668a4018dadbf71d599d8390a85353f33d,launchPerformance,0.885677, 0.901182, 0.929749, 0.923279, 0.894437
2023-06-25T17:18+00:00,13decc668a4018dadbf71d599d8390a85353f33d,totalTime,77.024394, 77.304078, 77.110564, 77.015981, 77.019069
2023-06-25T18:18+00:00,13decc668a4018dadbf71d599d8390a85353f33d,launchPerformance,0.954913, 0.880392, 0.859248, 0.824529, 0.846048
2023-06-25T18:18+00:00,13decc668a4018dadbf71d599d8390a85353f33d,totalTime,76.495225, 77.112989, 77.182848, 77.175334, 76.532863
2023-06-25T19:18+00:00,13decc668a4018dadbf71d599d8390a85353f33d,launchPerformance,0.951729, 0.898298, 0.874973, 0.850011, 0.840391
2023-06-25T19:18+00:00,13decc668a4018dadbf71d599d8390a85353f33d,totalTime,77.140158, 76.906639, 77.048678, 77.291429, 77.017275
2023-06-25T20:18+00:00,13decc668a4018dadbf71d599d8390a85353f33d,launchPerformance,0.944362, 0.874964, 0.870784, 0.877758, 0.861992
2023-06-25T20:18+00:00,13decc668a4018dadbf71d599d8390a85353f33d,totalTime,77.111563, 76.547157, 77.212027, 77.189362, 78.292305
2023-06-25T21:18+00:00,13decc668a4018dadbf71d599d8390a85353f33d,launchPerformance,0.954244, 0.916447, 0.845185, 0.835806, 0.839231
2023-06-25T21:18+00:00,13decc668a4018dadbf71d599d8390a85353f33d,totalTime,79.012131, 77.092858, 77.131824, 76.654728, 77.226228
2023-06-25T22:18+00:00,13decc668a4018dadbf71d599d8390a85353f33d,launchPerformance,0.961769, 0.911884, 0.853544, 0.868386, 0.889514
2023-06-25T22:18+00:00,13decc668a4018dadbf71d599d8390a85353f33d,totalTime,77.116113, 78.084373, 77.214094, 77.266812, 76.655818
2023-06-25T23:18+00:00,13decc668a4018dadbf71d599d8390a85353f33d,launchPerformance,0.952758, 0.906974, 0.837380, 0.840977, 0.879479
2023-06-25T23:18+00:00,13decc668a4018dadbf71d599d8390a85353f33d,totalTime,77.180639, 77.265057, 77.092339, 76.615248, 77.110545
2023-06-26T00:35+00:00,13decc668a4018dadbf71d599d8390a85353f33d,launchPerformance,0.945232, 0.873719, 0.825872, 0.858587, 0.856388
2023-06-26T00:35+00:00,13decc668a4018dadbf71d599d8390a85353f33d,totalTime,77.014951, 81.261484, 77.268610, 80.239954, 76.973957
2023-06-26T01:49+00:00,13decc668a4018dadbf71d599d8390a85353f33d,launchPerformance,0.873907, 0.918355, 0.882052, 0.845034, 0.857658
2023-06-26T01:49+00:00,13decc668a4018dadbf71d599d8390a85353f33d,totalTime,76.928764, 77.105078, 77.075567, 76.962541, 77.218595
2023-06-26T02:47+00:00,13decc668a4018dadbf71d599d8390a85353f33d,launchPerformance,0.979080, 0.874778, 0.864552, 0.877472, 0.837492
2023-06-26T02:47+00:00,13decc668a4018dadbf71d599d8390a85353f33d,totalTime,78.643218, 77.639566, 77.099371, 77.187111, 77.017706
2023-06-26T03:31+00:00,13decc668a4018dadbf71d599d8390a85353f33d,launchPerformance,0.981116, 0.897137, 0.883483, 0.846834, 0.850315
2023-06-26T03:31+00:00,13decc668a4018dadbf71d599d8390a85353f33d,totalTime,76.606179, 76.554814, 77.014685, 77.116527, 77.059992
2023-06-26T04:18+00:00,13decc668a4018dadbf71d599d8390a85353f33d,launchPerformance,0.885498, 0.936080, 0.850858, 0.865021, 0.842837
2023-06-26T04:18+00:00,13decc668a4018dadbf71d599d8390a85353f33d,totalTime,76.926127, 77.133545, 77.150536, 77.290318, 77.257635
2023-06-26T05:18+00:00,13decc668a4018dadbf71d599d8390a85353f33d,launchPerformance,0.886194, 0.907783, 0.855158, 0.835522, 0.852504
2023-06-26T05:18+00:00,13decc668a4018dadbf71d599d8390a85353f33d,totalTime,80.142445, 77.104893, 77.048448, 77.194399, 77.071721
2023-06-26T06:19+00:00,13decc668a4018dadbf71d599d8390a85353f33d,launchPerformance,1.000998, 0.902899, 0.975919, 0.954354, 0.899090
2023-06-26T06:19+00:00,13decc668a4018dadbf71d599d8390a85353f33d,totalTime,77.064693, 77.110088, 77.235645, 77.235725, 77.108174
2023-06-26T07:24+00:00,13decc668a4018dadbf71d599d8390a85353f33d,launchPerformance,0.941183, 0.885495, 0.872920, 0.838730, 0.847045
2023-06-26T07:24+00:00,13decc668a4018dadbf71d599d8390a85353f33d,totalTime,77.419313, 80.339657, 76.594994, 77.313159, 76.510368
2023-06-26T09:18+00:00,13decc668a4018dadbf71d599d8390a85353f33d,launchPerformance,0.972891, 0.901499, 0.857445, 0.876467, 0.846071
2023-06-26T09:18+00:00,13decc668a4018dadbf71d599d8390a85353f33d,totalTime,78.104199, 77.151871, 76.966818, 77.639273, 76.562759
2023-06-26T10:19+00:00,eb691b0a51b1728bb5b7128b2a1e1c776afa3787,launchPerformance,0.913213, 0.855027, 0.867689, 0.862627, 0.849012
2023-06-26T10:19+00:00,eb691b0a51b1728bb5b7128b2a1e1c776afa3787,totalTime,77.014327, 77.137841, 76.432392, 77.273632, 76.395932
2023-06-26T11:18+00:00,3d3fd5dc66f15661d92289d69c6db5895f42b74e,launchPerformance,0.973430, 0.989732, 0.963550, 0.929705, 0.840151
2023-06-26T11:18+00:00,3d3fd5dc66f15661d92289d69c6db5895f42b74e,totalTime,77.071943, 77.197549, 76.795188, 77.212876, 76.453220
2023-06-26T12:20+00:00,3d3fd5dc66f15661d92289d69c6db5895f42b74e,launchPerformance,0.977680, 0.938278, 0.895179, 0.848794, 0.836857
2023-06-26T12:20+00:00,3d3fd5dc66f15661d92289d69c6db5895f42b74e,totalTime,77.259118, 77.074599, 78.376094, 77.187729, 77.137766
2023-06-26T13:23+00:00,3d3fd5dc66f15661d92289d69c6db5895f42b74e,launchPerformance,0.995115, 0.912387, 0.859509, 0.838964, 0.857351
2023-06-26T13:23+00:00,3d3fd5dc66f15661d92289d69c6db5895f42b74e,totalTime,77.260700, 78.629292, 81.348363, 76.622061, 77.153489
2023-06-26T14:21+00:00,ad1b4a761ab96b0ff2ebe8ace76ddb12b30f93a6,launchPerformance,0.905088, 0.867202, 0.843286, 0.833991, 0.834224
2023-06-26T14:21+00:00,ad1b4a761ab96b0ff2ebe8ace76ddb12b30f93a6,totalTime,77.088250, 76.996695, 82.763751, 77.319906, 77.033533
2023-06-26T15:18+00:00,ad1b4a761ab96b0ff2ebe8ace76ddb12b30f93a6,launchPerformance,0.876584, 0.863219, 0.865580, 0.871605, 0.856782
2023-06-26T15:18+00:00,ad1b4a761ab96b0ff2ebe8ace76ddb12b30f93a6,totalTime,77.225651, 77.078549, 76.478281, 76.905959, 76.590111
2023-06-26T16:18+00:00,ad1b4a761ab96b0ff2ebe8ace76ddb12b30f93a6,launchPerformance,0.901239, 0.904570, 0.839418, 0.839612, 0.849807
2023-06-26T16:18+00:00,ad1b4a761ab96b0ff2ebe8ace76ddb12b30f93a6,totalTime,77.639528, 76.691398, 77.148276, 77.285822, 77.004321
2023-06-26T17:18+00:00,7d3dcee5a37cb0308a922ed64ea6383b51a1ebc4,launchPerformance,0.873181, 0.842232, 0.848105, 0.874477, 0.868562
2023-06-26T17:18+00:00,7d3dcee5a37cb0308a922ed64ea6383b51a1ebc4,totalTime,78.152804, 77.050005, 76.814376, 76.856316, 77.224399
2023-06-26T18:17+00:00,2fce96d540eb3105bca52344d984d18f90dac31d,launchPerformance,0.877193, 0.899147, 0.836268, 0.858234, 0.845130
2023-06-26T19:18+00:00,7289f0966e917659df160ac3db9f980db3c5eea9,launchPerformance,0.869168, 0.850153, 0.860528, 0.860714, 0.845191
2023-06-26T19:18+00:00,7289f0966e917659df160ac3db9f980db3c5eea9,totalTime,76.572929, 80.077819, 76.448707, 77.008482, 77.699781
2023-06-26T20:18+00:00,7289f0966e917659df160ac3db9f980db3c5eea9,launchPerformance,0.884231, 0.913197, 0.821878, 0.832596, 0.852039
2023-06-26T20:18+00:00,7289f0966e917659df160ac3db9f980db3c5eea9,totalTime,76.967192, 76.437754, 76.685763, 77.118746, 77.112598
2023-06-26T21:18+00:00,7289f0966e917659df160ac3db9f980db3c5eea9,launchPerformance,0.896823, 0.868535, 0.834447, 0.824913, 0.844074
2023-06-26T21:18+00:00,7289f0966e917659df160ac3db9f980db3c5eea9,totalTime,77.077654, 77.103999, 77.061497, 77.164940, 77.003960
2023-06-26T22:18+00:00,7289f0966e917659df160ac3db9f980db3c5eea9,launchPerformance,0.899137, 0.941937, 0.875022, 0.850696, 0.840419
2023-06-26T22:18+00:00,7289f0966e917659df160ac3db9f980db3c5eea9,totalTime,77.147906, 76.514062, 77.467427, 77.090531, 77.164465
2023-06-26T23:18+00:00,7289f0966e917659df160ac3db9f980db3c5eea9,launchPerformance,0.871057, 0.940500, 0.862751, 0.862567, 0.832313
2023-06-26T23:18+00:00,7289f0966e917659df160ac3db9f980db3c5eea9,totalTime,77.026853, 77.005093, 76.917624, 77.027026, 80.214341
2023-06-27T00:34+00:00,7289f0966e917659df160ac3db9f980db3c5eea9,launchPerformance,0.875104, 0.975856, 0.852810, 0.848190, 0.828444
2023-06-27T00:34+00:00,7289f0966e917659df160ac3db9f980db3c5eea9,totalTime,81.268599, 76.695001, 76.518263, 77.233832, 76.999182
2023-06-27T01:48+00:00,7289f0966e917659df160ac3db9f980db3c5eea9,launchPerformance,0.899065, 0.915746, 0.871476, 0.863387, 0.847907
2023-06-27T01:48+00:00,7289f0966e917659df160ac3db9f980db3c5eea9,totalTime,84.185177, 76.577897, 76.521212, 77.343031, 77.088674
2023-06-27T02:46+00:00,7289f0966e917659df160ac3db9f980db3c5eea9,launchPerformance,0.888482, 0.903844, 0.880083, 0.882395, 0.840504
2023-06-27T02:46+00:00,7289f0966e917659df160ac3db9f980db3c5eea9,totalTime,77.171865, 76.876002, 77.121583, 77.128339, 77.295685
2023-06-27T03:29+00:00,7289f0966e917659df160ac3db9f980db3c5eea9,launchPerformance,0.876023, 0.858810, 0.834443, 0.853464, 0.873152
2023-06-27T03:29+00:00,7289f0966e917659df160ac3db9f980db3c5eea9,totalTime,76.918443, 77.012151, 76.558258, 76.391228, 76.515479
2023-06-27T04:18+00:00,7289f0966e917659df160ac3db9f980db3c5eea9,launchPerformance,0.893693, 0.902661, 0.867890, 0.869575, 0.837512
2023-06-27T04:18+00:00,7289f0966e917659df160ac3db9f980db3c5eea9,totalTime,77.037538, 77.154947, 76.879730, 78.804113, 77.052993
2023-06-27T05:18+00:00,7289f0966e917659df160ac3db9f980db3c5eea9,launchPerformance,0.913269, 0.892525, 0.844297, 0.834898, 0.849308
2023-06-27T05:18+00:00,7289f0966e917659df160ac3db9f980db3c5eea9,totalTime,76.934190, 76.959504, 77.801417, 78.717647, 76.532591
2023-06-27T06:19+00:00,7289f0966e917659df160ac3db9f980db3c5eea9,launchPerformance,0.879377, 0.862158, 0.857895, 0.877098, 0.855847
2023-06-27T06:19+00:00,7289f0966e917659df160ac3db9f980db3c5eea9,totalTime,76.649444, 77.171310, 77.338679, 77.212312, 76.501686
2023-06-27T07:17+00:00,7289f0966e917659df160ac3db9f980db3c5eea9,launchPerformance,0.892030, 0.937907, 0.844562, 0.850608, 0.837537
2023-06-27T07:17+00:00,7289f0966e917659df160ac3db9f980db3c5eea9,totalTime,77.200655, 77.189691, 77.047910, 77.309805, 77.168664
2023-06-27T08:19+00:00,7289f0966e917659df160ac3db9f980db3c5eea9,launchPerformance,0.897419, 0.990904, 0.913719, 0.942425, 0.866081
2023-06-27T08:19+00:00,7289f0966e917659df160ac3db9f980db3c5eea9,totalTime,76.814435, 76.874034, 76.853073, 77.022564, 77.072598
2023-06-27T09:19+00:00,7289f0966e917659df160ac3db9f980db3c5eea9,launchPerformance,0.869775, 0.901632, 0.855939, 0.842811, 0.844451
2023-06-27T09:19+00:00,7289f0966e917659df160ac3db9f980db3c5eea9,totalTime,76.947050, 76.456542, 77.233112, 76.849724, 77.459590
2023-06-27T10:18+00:00,87cac534f5a472015f3952f482a436d600979d12,launchPerformance,0.876890, 0.950116, 0.850805, 0.835025, 0.870190
2023-06-27T10:18+00:00,87cac534f5a472015f3952f482a436d600979d12,totalTime,77.074415, 77.127564, 77.044237, 79.976681, 77.680471
2023-06-27T11:18+00:00,87cac534f5a472015f3952f482a436d600979d12,launchPerformance,0.943747, 0.938433, 0.983889, 0.971090, 0.943886
2023-06-27T11:18+00:00,87cac534f5a472015f3952f482a436d600979d12,totalTime,77.050273, 77.160492, 77.284676, 76.413133, 77.070969
2023-06-27T12:21+00:00,544d9282871eed483f5593d5e81a77c084d4008d,launchPerformance,0.871207, 0.862360, 0.835168, 0.856991, 0.842611
2023-06-27T12:21+00:00,544d9282871eed483f5593d5e81a77c084d4008d,totalTime,77.998464, 76.494267, 76.607388, 77.059254, 76.549531
2023-06-27T13:23+00:00,a46af8c27ebba066df077273b7b117a1802384d4,launchPerformance,0.868660, 0.865366, 0.832797, 0.845970, 0.835704
2023-06-27T13:23+00:00,a46af8c27ebba066df077273b7b117a1802384d4,totalTime,77.992728, 77.050193, 77.219754, 77.636136, 76.972221
2023-06-27T14:18+00:00,a46af8c27ebba066df077273b7b117a1802384d4,launchPerformance,0.868887, 0.899959, 0.859930, 0.821048, 0.836528
2023-06-27T14:18+00:00,a46af8c27ebba066df077273b7b117a1802384d4,totalTime,77.099614, 78.106532, 77.222877, 77.151451, 77.297739
2023-06-27T15:06+00:00,13f5ec8a7364fb5e72c314d50e5ae400927a9901,launchPerformance,0.868887, 0.899959, 0.859930, 0.821048, 0.836528
2023-06-27T15:06+00:00,13f5ec8a7364fb5e72c314d50e5ae400927a9901,totalTime,77.099614, 78.106532, 77.222877, 77.151451, 77.297739
2023-06-27T16:20+00:00,13f5ec8a7364fb5e72c314d50e5ae400927a9901,launchPerformance,0.880014, 0.844240, 0.842669, 0.855260, 0.860360
2023-06-27T16:20+00:00,13f5ec8a7364fb5e72c314d50e5ae400927a9901,totalTime,77.306537, 77.133665, 77.036910, 77.184848, 78.248705
2023-06-27T17:18+00:00,f54eb785038a0da21c144979caa7b98d1a10d415,launchPerformance,0.860148, 0.861433, 0.859458, 0.829086, 0.871301
2023-06-27T17:18+00:00,f54eb785038a0da21c144979caa7b98d1a10d415,totalTime,76.480562, 77.121362, 77.248276, 77.143969, 77.221904
2023-06-27T18:18+00:00,f54eb785038a0da21c144979caa7b98d1a10d415,launchPerformance,0.870381, 0.948639, 0.871953, 0.851831, 0.847389
2023-06-27T18:18+00:00,f54eb785038a0da21c144979caa7b98d1a10d415,totalTime,77.186329, 76.695936, 77.388654, 77.199236, 77.055506
2023-06-27T19:17+00:00,f54eb785038a0da21c144979caa7b98d1a10d415,launchPerformance,0.899878, 0.840813, 0.876422, 0.846437, 0.873933
2023-06-27T19:17+00:00,f54eb785038a0da21c144979caa7b98d1a10d415,totalTime,76.682889, 77.067581, 77.049973, 77.135167, 78.824497
2023-06-27T20:18+00:00,f54eb785038a0da21c144979caa7b98d1a10d415,launchPerformance,0.868858, 0.937901, 0.845191, 0.851404, 0.845655
2023-06-27T20:18+00:00,f54eb785038a0da21c144979caa7b98d1a10d415,totalTime,76.622548, 77.177804, 77.236131, 77.152034, 81.793573
2023-06-27T21:18+00:00,f54eb785038a0da21c144979caa7b98d1a10d415,launchPerformance,0.898435, 0.880821, 0.949926, 0.927254, 0.951582
2023-06-27T21:18+00:00,f54eb785038a0da21c144979caa7b98d1a10d415,totalTime,77.046755, 77.194770, 77.126811, 77.310381, 78.495156
2023-06-27T22:18+00:00,f54eb785038a0da21c144979caa7b98d1a10d415,launchPerformance,0.918746, 0.928360, 0.847874, 0.854552, 0.845532
2023-06-27T22:18+00:00,f54eb785038a0da21c144979caa7b98d1a10d415,totalTime,77.176583, 77.360563, 76.600068, 77.437890, 76.849501
2023-06-27T23:18+00:00,f54eb785038a0da21c144979caa7b98d1a10d415,launchPerformance,0.880149, 0.928068, 0.870983, 0.867768, 0.816826
2023-06-27T23:18+00:00,f54eb785038a0da21c144979caa7b98d1a10d415,totalTime,76.664852, 77.317329, 76.795548, 77.130867, 77.260744
2023-06-28T00:34+00:00,f54eb785038a0da21c144979caa7b98d1a10d415,launchPerformance,0.915536, 0.854826, 0.835485, 0.861458, 0.853504
2023-06-28T00:34+00:00,f54eb785038a0da21c144979caa7b98d1a10d415,totalTime,76.773936, 76.764431, 77.385389, 77.230156, 77.195756
2023-06-28T01:48+00:00,f54eb785038a0da21c144979caa7b98d1a10d415,launchPerformance,0.903757, 0.965101, 0.850355, 0.876653, 0.850581
2023-06-28T01:48+00:00,f54eb785038a0da21c144979caa7b98d1a10d415,totalTime,76.665589, 76.578546, 77.035955, 77.075442, 77.075215
2023-06-28T02:45+00:00,f54eb785038a0da21c144979caa7b98d1a10d415,launchPerformance,0.866011, 0.857578, 0.837149, 0.849820, 0.847714
2023-06-28T02:45+00:00,f54eb785038a0da21c144979caa7b98d1a10d415,totalTime,77.181440, 77.266309, 77.153842, 77.213196, 77.203698
2023-06-28T03:27+00:00,f54eb785038a0da21c144979caa7b98d1a10d415,launchPerformance,0.884768, 0.944050, 0.861590, 0.842670, 0.855167
2023-06-28T03:27+00:00,f54eb785038a0da21c144979caa7b98d1a10d415,totalTime,77.828419, 77.337507, 76.407965, 77.316048, 77.272762
2023-06-28T04:18+00:00,f54eb785038a0da21c144979caa7b98d1a10d415,launchPerformance,0.910037, 0.861952, 0.849979, 0.855350, 0.874850
2023-06-28T04:18+00:00,f54eb785038a0da21c144979caa7b98d1a10d415,totalTime,77.132396, 77.006969, 76.735071, 77.201172, 77.191973
2023-06-28T05:18+00:00,f54eb785038a0da21c144979caa7b98d1a10d415,launchPerformance,0.885352, 0.979213, 0.832161, 0.864861, 0.847667
2023-06-28T05:18+00:00,f54eb785038a0da21c144979caa7b98d1a10d415,totalTime,77.035934, 77.010363, 77.057848, 77.171716, 77.110040
2023-06-28T06:19+00:00,f54eb785038a0da21c144979caa7b98d1a10d415,launchPerformance,0.964360, 1.025517, 0.844151, 0.871073, 0.844281
2023-06-28T06:19+00:00,f54eb785038a0da21c144979caa7b98d1a10d415,totalTime,77.205876, 77.265228, 77.536794, 77.113452, 76.601609
2023-06-28T07:18+00:00,f54eb785038a0da21c144979caa7b98d1a10d415,launchPerformance,0.948335, 0.895380, 0.839449, 0.854502, 0.834337
2023-06-28T07:18+00:00,f54eb785038a0da21c144979caa7b98d1a10d415,totalTime,77.419300, 76.603284, 76.755267, 77.044478, 77.114635
2023-06-28T08:18+00:00,f54eb785038a0da21c144979caa7b98d1a10d415,launchPerformance,0.929504, 0.859163, 0.829381, 0.845131, 0.894254
2023-06-28T08:18+00:00,f54eb785038a0da21c144979caa7b98d1a10d415,totalTime,77.838764, 79.054036, 79.978382, 80.325515, 77.893060
2023-06-28T09:19+00:00,2ebe534fb3b6682376e68528cb96c3e1c1da1998,launchPerformance,0.843090, 0.831268, 0.871766, 0.866312, 0.831123
2023-06-28T09:19+00:00,2ebe534fb3b6682376e68528cb96c3e1c1da1998,totalTime,76.543484, 77.008518, 77.262826, 77.072941, 77.058998
2023-06-28T10:20+00:00,102e6a64fab4f3c3e907581b682813bc187be536,launchPerformance,0.891399, 0.905624, 0.843769, 0.846024, 0.848141
2023-06-28T10:20+00:00,102e6a64fab4f3c3e907581b682813bc187be536,totalTime,77.210395, 81.447035, 76.932918, 77.040002, 76.984012
2023-06-28T11:18+00:00,102e6a64fab4f3c3e907581b682813bc187be536,launchPerformance,0.986016, 0.984846, 0.916841, 0.844756, 0.860804
2023-06-28T11:18+00:00,102e6a64fab4f3c3e907581b682813bc187be536,totalTime,77.218833, 77.860105, 76.884374, 77.141466, 76.757686
2023-06-28T12:20+00:00,4b6a4ec41a622659d43278f2f7f054bfbd15f27f,launchPerformance,0.881931, 0.841805, 0.848475, 0.853191, 0.904054
2023-06-28T12:20+00:00,4b6a4ec41a622659d43278f2f7f054bfbd15f27f,totalTime,77.022455, 76.945424, 76.970790, 76.561399, 77.212933
2023-06-28T13:23+00:00,02f086cfcb9d2128f3f624fb860d39b308fa91ec,launchPerformance,0.896567, 0.895910, 0.838625, 0.867856, 0.864578
2023-06-28T13:23+00:00,02f086cfcb9d2128f3f624fb860d39b308fa91ec,totalTime,77.141549, 77.696792, 77.229156, 76.965240, 77.096669
2023-06-28T14:18+00:00,02f086cfcb9d2128f3f624fb860d39b308fa91ec,launchPerformance,0.892042, 0.865444, 0.852447, 0.853896, 0.849856
2023-06-28T14:18+00:00,02f086cfcb9d2128f3f624fb860d39b308fa91ec,totalTime,77.287923, 77.149144, 77.048418, 77.069637, 77.000045
2023-06-28T15:18+00:00,e4959ff156d9bee7c3378e6d528911abc58d67b7,launchPerformance,0.880605, 0.864997, 0.851104, 0.834686, 0.863399
2023-06-28T15:18+00:00,e4959ff156d9bee7c3378e6d528911abc58d67b7,totalTime,80.713602, 77.103259, 77.033536, 77.043709, 77.065378
2023-06-28T16:18+00:00,10e167732b28ad6ae954c4a4299b9493ddbc7ac6,launchPerformance,0.920763, 0.863625, 0.866681, 0.839237, 0.858828
2023-06-28T16:18+00:00,10e167732b28ad6ae954c4a4299b9493ddbc7ac6,totalTime,77.010415, 77.141169, 76.898234, 76.950519, 77.174823
2023-06-28T17:18+00:00,10e167732b28ad6ae954c4a4299b9493ddbc7ac6,launchPerformance,0.893104, 0.890282, 0.855033, 0.873855, 0.865779
2023-06-28T17:18+00:00,10e167732b28ad6ae954c4a4299b9493ddbc7ac6,totalTime,77.062524, 77.032282, 77.071087, 77.102349, 76.936532
2023-06-28T18:18+00:00,10e167732b28ad6ae954c4a4299b9493ddbc7ac6,launchPerformance,0.905626, 0.956477, 0.861199, 0.858658, 0.826486
2023-06-28T18:18+00:00,10e167732b28ad6ae954c4a4299b9493ddbc7ac6,totalTime,76.535087, 78.021005, 76.578277, 77.145748, 76.845613
2023-06-28T19:18+00:00,10e167732b28ad6ae954c4a4299b9493ddbc7ac6,launchPerformance,0.876276, 0.867645, 0.872290, 0.827905, 0.879432
2023-06-28T19:18+00:00,10e167732b28ad6ae954c4a4299b9493ddbc7ac6,totalTime,77.059938, 77.227806, 77.257355, 78.438684, 77.079128
2023-06-28T20:18+00:00,10e167732b28ad6ae954c4a4299b9493ddbc7ac6,launchPerformance,0.879795, 0.950982, 0.837700, 0.853854, 0.849984
2023-06-28T20:18+00:00,10e167732b28ad6ae954c4a4299b9493ddbc7ac6,totalTime,76.950298, 77.153010, 77.079098, 77.054334, 78.075393
2023-06-28T21:18+00:00,10e167732b28ad6ae954c4a4299b9493ddbc7ac6,launchPerformance,0.897004, 0.924612, 0.847994, 0.870958, 0.866917
2023-06-28T21:18+00:00,10e167732b28ad6ae954c4a4299b9493ddbc7ac6,totalTime,77.082247, 77.257621, 77.135471, 77.164073, 77.970914
2023-06-28T22:18+00:00,10e167732b28ad6ae954c4a4299b9493ddbc7ac6,launchPerformance,0.893367, 0.855368, 0.871362, 0.862767, 0.849187
2023-06-28T22:18+00:00,10e167732b28ad6ae954c4a4299b9493ddbc7ac6,totalTime,77.101538, 76.881203, 77.081161, 77.016541, 76.732417
2023-06-28T23:18+00:00,10e167732b28ad6ae954c4a4299b9493ddbc7ac6,launchPerformance,0.893515, 0.920880, 0.962494, 0.926179, 0.862660
2023-06-28T23:18+00:00,10e167732b28ad6ae954c4a4299b9493ddbc7ac6,totalTime,77.150917, 76.818449, 77.983273, 77.090727, 78.142701
2023-06-29T00:35+00:00,10e167732b28ad6ae954c4a4299b9493ddbc7ac6,launchPerformance,0.881012, 0.941936, 0.852989, 0.865049, 0.827492
2023-06-29T00:35+00:00,10e167732b28ad6ae954c4a4299b9493ddbc7ac6,totalTime,77.189083, 77.143035, 77.185786, 77.195410, 77.086567
2023-06-29T01:46+00:00,10e167732b28ad6ae954c4a4299b9493ddbc7ac6,launchPerformance,0.899210, 0.923675, 0.895674, 0.832255, 0.840111
2023-06-29T01:46+00:00,10e167732b28ad6ae954c4a4299b9493ddbc7ac6,totalTime,76.653556, 78.336466, 77.179667, 77.124451, 77.125442
2023-06-29T02:44+00:00,10e167732b28ad6ae954c4a4299b9493ddbc7ac6,launchPerformance,0.907531, 0.892885, 0.849720, 0.853153, 0.876031
2023-06-29T02:44+00:00,10e167732b28ad6ae954c4a4299b9493ddbc7ac6,totalTime,77.211349, 77.050408, 77.093834, 77.203432, 77.044813
2023-06-29T03:25+00:00,10e167732b28ad6ae954c4a4299b9493ddbc7ac6,launchPerformance,0.879423, 0.907921, 0.865979, 0.852308, 0.844832
2023-06-29T03:25+00:00,10e167732b28ad6ae954c4a4299b9493ddbc7ac6,totalTime,77.163875, 83.338228, 77.157555, 76.588565, 77.052472
2023-06-29T04:18+00:00,10e167732b28ad6ae954c4a4299b9493ddbc7ac6,launchPerformance,0.899374, 0.881587, 0.871195, 0.850697, 0.882833
2023-06-29T04:18+00:00,10e167732b28ad6ae954c4a4299b9493ddbc7ac6,totalTime,77.164993, 77.269200, 77.212429, 77.985047, 77.265993
2023-06-29T05:18+00:00,10e167732b28ad6ae954c4a4299b9493ddbc7ac6,launchPerformance,0.902286, 0.876030, 0.863863, 0.883126, 0.853199
2023-06-29T05:18+00:00,10e167732b28ad6ae954c4a4299b9493ddbc7ac6,totalTime,76.668115, 77.065897, 77.018599, 77.141994, 77.037098
2023-06-29T06:19+00:00,10e167732b28ad6ae954c4a4299b9493ddbc7ac6,launchPerformance,0.888745, 0.960807, 0.839512, 0.864407, 0.852697
2023-06-29T06:19+00:00,10e167732b28ad6ae954c4a4299b9493ddbc7ac6,totalTime,77.229921, 77.272795, 77.216216, 77.195233, 77.368925
2023-06-29T07:18+00:00,10e167732b28ad6ae954c4a4299b9493ddbc7ac6,launchPerformance,0.902147, 0.863227, 0.852177, 0.854423, 0.871111
2023-06-29T07:18+00:00,10e167732b28ad6ae954c4a4299b9493ddbc7ac6,totalTime,77.064919, 77.152101, 77.012178, 77.071311, 76.494125
2023-06-29T08:18+00:00,10e167732b28ad6ae954c4a4299b9493ddbc7ac6,launchPerformance,0.868893, 0.894093, 0.886492, 0.849630, 0.852855
2023-06-29T08:18+00:00,10e167732b28ad6ae954c4a4299b9493ddbc7ac6,totalTime,77.221325, 77.111240, 77.081934, 77.256500, 77.094499
2023-06-29T09:19+00:00,67e48e465f4775ddb9d68279562a0534c986af8f,launchPerformance,0.865616, 0.849359, 0.848042, 0.829637, 0.887596
2023-06-29T09:19+00:00,67e48e465f4775ddb9d68279562a0534c986af8f,totalTime,77.057380, 77.129389, 77.129391, 78.482613, 76.573476
2023-06-29T10:20+00:00,98cec5672c8c6d05190080fa3007e5ae786ebdf5,launchPerformance,0.870761, 0.835567, 0.860495, 0.868149, 0.854975
2023-06-29T10:20+00:00,98cec5672c8c6d05190080fa3007e5ae786ebdf5,totalTime,77.187489, 76.997765, 76.962806, 77.180771, 77.250533
2023-06-29T11:20+00:00,ba79d7f141dc5dfc370703490d80732f6040fb83,launchPerformance,0.892367, 0.868644, 0.862970, 0.843988, 0.855110
2023-06-29T11:20+00:00,ba79d7f141dc5dfc370703490d80732f6040fb83,totalTime,77.121867, 76.958288, 77.094926, 77.193423, 76.970401
2023-06-29T12:19+00:00,3b114c28d6bc1ff97d4b22bc929f7c2df2022adc,launchPerformance,0.895958, 0.864116, 0.876507, 0.840985, 0.836595
2023-06-29T12:19+00:00,3b114c28d6bc1ff97d4b22bc929f7c2df2022adc,totalTime,77.289481, 77.522187, 76.957883, 77.006468, 77.137995
2023-06-29T13:21+00:00,3b114c28d6bc1ff97d4b22bc929f7c2df2022adc,launchPerformance,0.897542, 0.980320, 0.923218, 0.890661, 0.863342
2023-06-29T14:18+00:00,3a6876f38513e05f1dbe94d5f6282bffc7ea322c,launchPerformance,0.868990, 0.892404, 0.872788, 0.841737, 0.879547
2023-06-29T14:18+00:00,3a6876f38513e05f1dbe94d5f6282bffc7ea322c,totalTime,77.293740, 77.101656, 77.032949, 77.246198, 77.123769
2023-06-29T15:19+00:00,4e7d05d4b84a5a9fcc7c7b2ce941d48810ba1870,launchPerformance,0.915023, 0.943553, 0.855854, 0.839017, 0.842300
2023-06-29T15:19+00:00,4e7d05d4b84a5a9fcc7c7b2ce941d48810ba1870,totalTime,77.226996, 77.332038, 79.850654, 77.118773, 77.183066
2023-06-29T16:18+00:00,b89dbc389595c5617681933efc56f27b46075c6d,launchPerformance,0.840065, 0.853941, 0.858905, 0.876826, 0.842774
2023-06-29T16:18+00:00,b89dbc389595c5617681933efc56f27b46075c6d,totalTime,77.181691, 77.186801, 77.113778, 77.213560, 77.083552
2023-06-29T17:17+00:00,b89dbc389595c5617681933efc56f27b46075c6d,launchPerformance,0.884886, 0.866848, 0.855802, 0.877133, 0.853066
2023-06-29T17:17+00:00,b89dbc389595c5617681933efc56f27b46075c6d,totalTime,77.093000, 77.026388, 76.579616, 77.147477, 76.988539
2023-06-29T19:18+00:00,be124a972e11cc5624689bfd77df7f17da6baef0,launchPerformance,0.915827, 0.880648, 0.844111, 0.859295, 0.851811
2023-06-29T19:18+00:00,be124a972e11cc5624689bfd77df7f17da6baef0,totalTime,77.200535, 77.206470, 77.090375, 77.219336, 77.045319
2023-06-29T20:18+00:00,be124a972e11cc5624689bfd77df7f17da6baef0,launchPerformance,0.940973, 0.887248, 0.866124, 0.853756, 0.851254
2023-06-29T20:18+00:00,be124a972e11cc5624689bfd77df7f17da6baef0,totalTime,77.238295, 76.545693, 77.086552, 76.972304, 77.107491
2023-06-29T21:18+00:00,be124a972e11cc5624689bfd77df7f17da6baef0,launchPerformance,0.904829, 0.846642, 0.870994, 0.867746, 0.840432
2023-06-29T21:18+00:00,be124a972e11cc5624689bfd77df7f17da6baef0,totalTime,77.938930, 77.103886, 76.529154, 77.953455, 77.005146
2023-06-29T22:18+00:00,be124a972e11cc5624689bfd77df7f17da6baef0,launchPerformance,0.910424, 0.860645, 0.839527, 0.867256, 0.829329
2023-06-29T22:18+00:00,be124a972e11cc5624689bfd77df7f17da6baef0,totalTime,76.551343, 77.138799, 77.012732, 77.215455, 77.062207
2023-06-29T23:18+00:00,be124a972e11cc5624689bfd77df7f17da6baef0,launchPerformance,0.911628, 0.862853, 0.851678, 0.871275, 0.840494
2023-06-29T23:18+00:00,be124a972e11cc5624689bfd77df7f17da6baef0,totalTime,77.053177, 76.899428, 77.143275, 77.121340, 77.046715
2023-06-30T00:35+00:00,be124a972e11cc5624689bfd77df7f17da6baef0,launchPerformance,0.893451, 0.858178, 0.854900, 0.860413, 0.865847
2023-06-30T00:35+00:00,be124a972e11cc5624689bfd77df7f17da6baef0,totalTime,77.233923, 77.149481, 77.036659, 77.095065, 77.118933
2023-06-30T01:47+00:00,be124a972e11cc5624689bfd77df7f17da6baef0,launchPerformance,0.882106, 0.895177, 0.858186, 0.862618, 0.861352
2023-06-30T01:47+00:00,be124a972e11cc5624689bfd77df7f17da6baef0,totalTime,77.220260, 77.144311, 76.651792, 76.549184, 86.531115
2023-06-30T02:43+00:00,be124a972e11cc5624689bfd77df7f17da6baef0,launchPerformance,0.873189, 0.963802, 0.906999, 0.935960, 0.871420
2023-06-30T02:43+00:00,be124a972e11cc5624689bfd77df7f17da6baef0,totalTime,77.092725, 77.233027, 77.027914, 79.343122, 77.595508
2023-06-30T03:22+00:00,be124a972e11cc5624689bfd77df7f17da6baef0,launchPerformance,0.892969, 0.843018, 0.837096, 0.853478, 0.848773
2023-06-30T03:22+00:00,be124a972e11cc5624689bfd77df7f17da6baef0,totalTime,77.114125, 76.657159, 77.160224, 77.010352, 77.172558
2023-06-30T04:18+00:00,be124a972e11cc5624689bfd77df7f17da6baef0,launchPerformance,0.881076, 0.861598, 0.856058, 0.867586, 0.842796
2023-06-30T04:18+00:00,be124a972e11cc5624689bfd77df7f17da6baef0,totalTime,77.118153, 77.349753, 77.273329, 77.232582, 77.276934
2023-06-30T05:18+00:00,be124a972e11cc5624689bfd77df7f17da6baef0,launchPerformance,0.883860, 0.849082, 0.849578, 0.840709, 0.859098
2023-06-30T05:18+00:00,be124a972e11cc5624689bfd77df7f17da6baef0,totalTime,76.815038, 77.169584, 77.316430, 77.315279, 77.122971
2023-06-30T06:18+00:00,be124a972e11cc5624689bfd77df7f17da6baef0,launchPerformance,0.888137, 0.876215, 0.860488, 0.827744, 0.871362
2023-06-30T06:18+00:00,be124a972e11cc5624689bfd77df7f17da6baef0,totalTime,76.988971, 76.711095, 77.162703, 77.389883, 81.266546
2023-06-30T07:18+00:00,be124a972e11cc5624689bfd77df7f17da6baef0,launchPerformance,0.893218, 0.852876, 0.835204, 0.833057, 0.858177
2023-06-30T07:18+00:00,be124a972e11cc5624689bfd77df7f17da6baef0,totalTime,76.799526, 77.101939, 76.576601, 77.113195, 77.916456
2023-06-30T08:19+00:00,be124a972e11cc5624689bfd77df7f17da6baef0,launchPerformance,0.881680, 0.850995, 0.854097, 0.831356, 0.849637
2023-06-30T08:19+00:00,be124a972e11cc5624689bfd77df7f17da6baef0,totalTime,77.812873, 77.881082, 76.712708, 77.235916, 76.734845
2023-06-30T09:17+00:00,eecf3234a2d37e3ee2b7cb5a8bc97adf8768a173,launchPerformance,0.869850, 0.882496, 0.856385, 0.853821, 0.914073
2023-06-30T09:17+00:00,eecf3234a2d37e3ee2b7cb5a8bc97adf8768a173,totalTime,77.154149, 77.026442, 76.646348, 77.445635, 76.945828
2023-06-30T10:18+00:00,eecf3234a2d37e3ee2b7cb5a8bc97adf8768a173,launchPerformance,0.875445, 0.853697, 0.867721, 0.847087, 0.876406
2023-06-30T10:18+00:00,eecf3234a2d37e3ee2b7cb5a8bc97adf8768a173,totalTime,76.931553, 76.570135, 76.973166, 76.572603, 76.684998
2023-06-30T11:17+00:00,f1d53649e0e136c54488ab9f91cf912e79b5abda,launchPerformance,0.993339, 0.947802, 0.980945, 0.832563, 0.853773
2023-06-30T11:17+00:00,f1d53649e0e136c54488ab9f91cf912e79b5abda,totalTime,77.183874, 77.137054, 77.206066, 77.199476, 77.134405
2023-06-30T12:19+00:00,f1d53649e0e136c54488ab9f91cf912e79b5abda,launchPerformance,0.866987, 0.874497, 0.846286, 0.871571, 0.833173
2023-06-30T12:19+00:00,f1d53649e0e136c54488ab9f91cf912e79b5abda,totalTime,85.947602, 76.671263, 77.072398, 77.113945, 78.702835
2023-06-30T13:20+00:00,2025dd95173bd229572eb0ee30899027823566e9,launchPerformance,0.849611, 0.864600, 0.868198, 0.852335, 0.862831
2023-06-30T14:13+00:00,ccd4101abf1c949b1db358da44cbfdd3c19789ed,launchPerformance,0.933627, 0.968778, 0.889673, 0.891198, 0.894654
2023-06-30T15:14+00:00,369ccc5fff1f2bad962048e5fb1997730a6c4dd4,launchPerformance,0.933723, 0.917514, 0.876764, 0.880389, 0.879961
2023-06-30T16:15+00:00,369ccc5fff1f2bad962048e5fb1997730a6c4dd4,launchPerformance,0.937266, 0.906860, 1.019094, 0.949150, 0.917930
2023-06-30T17:14+00:00,369ccc5fff1f2bad962048e5fb1997730a6c4dd4,launchPerformance,0.927933, 0.929095, 0.891963, 0.904495, 0.882937
2023-06-30T18:13+00:00,369ccc5fff1f2bad962048e5fb1997730a6c4dd4,launchPerformance,0.960566, 0.970360, 0.893149, 0.884732, 0.904888
2023-06-30T19:13+00:00,369ccc5fff1f2bad962048e5fb1997730a6c4dd4,launchPerformance,0.949418, 0.895919, 0.864390, 0.886510, 0.880153
2023-06-30T20:14+00:00,369ccc5fff1f2bad962048e5fb1997730a6c4dd4,launchPerformance,0.907899, 0.909657, 0.879989, 0.893264, 0.903464
2023-06-30T21:14+00:00,369ccc5fff1f2bad962048e5fb1997730a6c4dd4,launchPerformance,0.941878, 0.998075, 0.894977, 0.893117, 0.879525
2023-06-30T22:13+00:00,369ccc5fff1f2bad962048e5fb1997730a6c4dd4,launchPerformance,0.949855, 0.940733, 0.895587, 0.904044, 0.880142
2023-06-30T23:14+00:00,369ccc5fff1f2bad962048e5fb1997730a6c4dd4,launchPerformance,0.937908, 0.923536, 0.897491, 0.920360, 0.906927
2023-07-01T00:32+00:00,369ccc5fff1f2bad962048e5fb1997730a6c4dd4,launchPerformance,0.939816, 0.981897, 1.006212, 0.937984, 0.964262
2023-07-01T01:43+00:00,369ccc5fff1f2bad962048e5fb1997730a6c4dd4,launchPerformance,0.957803, 0.923778, 0.875630, 0.901259, 0.883749
2023-07-01T02:43+00:00,369ccc5fff1f2bad962048e5fb1997730a6c4dd4,launchPerformance,0.924688, 1.000312, 0.937064, 0.896441, 0.906828
2023-07-01T03:27+00:00,369ccc5fff1f2bad962048e5fb1997730a6c4dd4,launchPerformance,0.925129, 0.972312, 0.883415, 0.888627, 0.892507
2023-07-01T04:14+00:00,369ccc5fff1f2bad962048e5fb1997730a6c4dd4,launchPerformance,0.927090, 0.961815, 0.870942, 0.912477, 0.897143
2023-07-01T05:13+00:00,369ccc5fff1f2bad962048e5fb1997730a6c4dd4,launchPerformance,0.961347, 0.995833, 0.987096, 0.939889, 0.950542
2023-07-01T06:14+00:00,369ccc5fff1f2bad962048e5fb1997730a6c4dd4,launchPerformance,0.924765, 0.904972, 0.881636, 0.912520, 0.903062
2023-07-01T07:13+00:00,369ccc5fff1f2bad962048e5fb1997730a6c4dd4,launchPerformance,0.911304, 0.874354, 0.884986, 0.877536, 0.930200
2023-07-01T08:14+00:00,369ccc5fff1f2bad962048e5fb1997730a6c4dd4,launchPerformance,0.897717, 0.878782, 0.886164, 0.898704, 0.886068
2023-07-01T09:13+00:00,369ccc5fff1f2bad962048e5fb1997730a6c4dd4,launchPerformance,0.923478, 0.978880, 0.869457, 0.890757, 0.871049
2023-07-01T10:13+00:00,369ccc5fff1f2bad962048e5fb1997730a6c4dd4,launchPerformance,0.921042, 0.953118, 0.879098, 0.884932, 0.910870
2023-07-01T11:13+00:00,369ccc5fff1f2bad962048e5fb1997730a6c4dd4,launchPerformance,1.011754, 0.965675, 1.050774, 1.013222, 0.929851
2023-07-01T12:15+00:00,369ccc5fff1f2bad962048e5fb1997730a6c4dd4,launchPerformance,0.920538, 0.894289, 0.896030, 0.886586, 0.896015
2023-07-01T13:16+00:00,369ccc5fff1f2bad962048e5fb1997730a6c4dd4,launchPerformance,0.905291, 0.910646, 0.905627, 0.898412, 0.896234
2023-07-01T14:13+00:00,369ccc5fff1f2bad962048e5fb1997730a6c4dd4,launchPerformance,0.923862, 1.024843, 0.890354, 0.870705, 0.884147
2023-07-01T15:13+00:00,369ccc5fff1f2bad962048e5fb1997730a6c4dd4,launchPerformance,0.908421, 0.926748, 0.895589, 0.884740, 0.874198
2023-07-01T16:13+00:00,369ccc5fff1f2bad962048e5fb1997730a6c4dd4,launchPerformance,0.922071, 0.952915, 0.909262, 0.960569, 0.900625
2023-07-01T17:13+00:00,369ccc5fff1f2bad962048e5fb1997730a6c4dd4,launchPerformance,0.955142, 0.974369, 0.876746, 0.887131, 0.893543
2023-07-01T18:14+00:00,369ccc5fff1f2bad962048e5fb1997730a6c4dd4,launchPerformance,0.913436, 0.990422, 0.998715, 0.935636, 0.928249
2023-07-01T19:13+00:00,369ccc5fff1f2bad962048e5fb1997730a6c4dd4,launchPerformance,0.940756, 0.882868, 0.923130, 0.894612, 0.883133
2023-07-01T20:13+00:00,369ccc5fff1f2bad962048e5fb1997730a6c4dd4,launchPerformance,0.908696, 0.946294, 0.936294, 0.910896, 0.877117
2023-07-01T21:13+00:00,369ccc5fff1f2bad962048e5fb1997730a6c4dd4,launchPerformance,0.932686, 0.951964, 0.870336, 0.878020, 0.930477
2023-07-01T22:13+00:00,369ccc5fff1f2bad962048e5fb1997730a6c4dd4,launchPerformance,0.920220, 1.000699, 0.901304, 0.891965, 0.897072
2023-07-01T23:14+00:00,369ccc5fff1f2bad962048e5fb1997730a6c4dd4,launchPerformance,1.049601, 0.931977, 0.961610, 0.887954, 0.893679
2023-07-02T00:32+00:00,369ccc5fff1f2bad962048e5fb1997730a6c4dd4,launchPerformance,0.931968, 0.868854, 0.905804, 0.912548, 0.872331
2023-07-02T01:42+00:00,369ccc5fff1f2bad962048e5fb1997730a6c4dd4,launchPerformance,0.945324, 0.917535, 0.902430, 0.891341, 0.892930
2023-07-02T02:43+00:00,369ccc5fff1f2bad962048e5fb1997730a6c4dd4,launchPerformance,0.916624, 0.899913, 0.905054, 0.895172, 0.913092
2023-07-02T03:24+00:00,369ccc5fff1f2bad962048e5fb1997730a6c4dd4,launchPerformance,0.880897, 0.950744, 0.881774, 0.904633, 0.912036
2023-07-02T04:13+00:00,369ccc5fff1f2bad962048e5fb1997730a6c4dd4,launchPerformance,0.907504, 0.881449, 0.902159, 0.876912, 0.900794
2023-07-02T05:13+00:00,369ccc5fff1f2bad962048e5fb1997730a6c4dd4,launchPerformance,0.928650, 0.900675, 0.869618, 0.894798, 0.894522
2023-07-02T06:14+00:00,369ccc5fff1f2bad962048e5fb1997730a6c4dd4,launchPerformance,0.921163, 0.956290, 0.869357, 0.882997, 0.889217
2023-07-02T07:14+00:00,369ccc5fff1f2bad962048e5fb1997730a6c4dd4,launchPerformance,0.926683, 0.960403, 0.899104, 0.968121, 0.951343
2023-07-02T08:14+00:00,369ccc5fff1f2bad962048e5fb1997730a6c4dd4,launchPerformance,0.904032, 0.913572, 0.870040, 0.883252, 0.894229
2023-07-02T09:13+00:00,369ccc5fff1f2bad962048e5fb1997730a6c4dd4,launchPerformance,0.936730, 0.876611, 0.886860, 0.898368, 0.882883
2023-07-02T10:14+00:00,369ccc5fff1f2bad962048e5fb1997730a6c4dd4,launchPerformance,0.930698, 0.970751, 0.891113, 0.871146, 0.890443
2023-07-02T11:14+00:00,369ccc5fff1f2bad962048e5fb1997730a6c4dd4,launchPerformance,1.008031, 0.997391, 1.061172, 0.918969, 0.905904
2023-07-02T12:14+00:00,369ccc5fff1f2bad962048e5fb1997730a6c4dd4,launchPerformance,0.942020, 0.920803, 0.930899, 0.862440, 0.891065
2023-07-02T13:16+00:00,369ccc5fff1f2bad962048e5fb1997730a6c4dd4,launchPerformance,0.903223, 0.983360, 0.894208, 0.903650, 0.903795
2023-07-02T14:14+00:00,369ccc5fff1f2bad962048e5fb1997730a6c4dd4,launchPerformance,0.896331, 0.892627, 0.898571, 0.906314, 0.896928
2023-07-02T15:13+00:00,369ccc5fff1f2bad962048e5fb1997730a6c4dd4,launchPerformance,0.913409, 0.949071, 0.890650, 0.903801, 0.886560
2023-07-02T16:14+00:00,369ccc5fff1f2bad962048e5fb1997730a6c4dd4,launchPerformance,0.922611, 0.908266, 0.891080, 0.886735, 0.912483
2023-07-02T17:13+00:00,369ccc5fff1f2bad962048e5fb1997730a6c4dd4,launchPerformance,0.988376, 0.921637, 0.988646, 0.980198, 0.972918
2023-07-02T18:14+00:00,369ccc5fff1f2bad962048e5fb1997730a6c4dd4,launchPerformance,0.929801, 0.986799, 0.995335, 0.909341, 0.900036
2023-07-02T19:13+00:00,369ccc5fff1f2bad962048e5fb1997730a6c4dd4,launchPerformance,0.946703, 0.911679, 0.893211, 0.902823, 0.892059
2023-07-02T20:13+00:00,369ccc5fff1f2bad962048e5fb1997730a6c4dd4,launchPerformance,0.985258, 0.981103, 0.976344, 0.966640, 0.954566
2023-07-02T21:13+00:00,369ccc5fff1f2bad962048e5fb1997730a6c4dd4,launchPerformance,0.909037, 0.932031, 0.889372, 0.901518, 0.895410
2023-07-02T22:13+00:00,369ccc5fff1f2bad962048e5fb1997730a6c4dd4,launchPerformance,0.880224, 0.899504, 0.910826, 0.904904, 0.901230
2023-07-02T23:14+00:00,369ccc5fff1f2bad962048e5fb1997730a6c4dd4,launchPerformance,0.959639, 0.878860, 0.907342, 0.894364, 0.867553
2023-07-03T00:30+00:00,369ccc5fff1f2bad962048e5fb1997730a6c4dd4,launchPerformance,0.935109, 0.901211, 0.892820, 0.906053, 0.912560
2023-07-03T01:43+00:00,369ccc5fff1f2bad962048e5fb1997730a6c4dd4,launchPerformance,0.941965, 0.940985, 0.872481, 0.883696, 0.905178
2023-07-03T02:41+00:00,369ccc5fff1f2bad962048e5fb1997730a6c4dd4,launchPerformance,0.938513, 0.916770, 0.907976, 0.862286, 0.876098
2023-07-03T03:22+00:00,369ccc5fff1f2bad962048e5fb1997730a6c4dd4,launchPerformance,0.884069, 0.895383, 0.906094, 0.890656, 0.885573
2023-07-03T04:14+00:00,369ccc5fff1f2bad962048e5fb1997730a6c4dd4,launchPerformance,0.912657, 0.899930, 0.921143, 0.931007, 0.925600
2023-07-03T05:14+00:00,369ccc5fff1f2bad962048e5fb1997730a6c4dd4,launchPerformance,0.931053, 0.911663, 0.890011, 0.901371, 0.891817
2023-07-03T06:14+00:00,369ccc5fff1f2bad962048e5fb1997730a6c4dd4,launchPerformance,0.897707, 0.887769, 0.906413, 0.901608, 0.910631
2023-07-03T07:13+00:00,369ccc5fff1f2bad962048e5fb1997730a6c4dd4,launchPerformance,0.948517, 0.949417, 0.877850, 0.912078, 0.898498
2023-07-03T08:15+00:00,369ccc5fff1f2bad962048e5fb1997730a6c4dd4,launchPerformance,0.912383, 0.876666, 0.888748, 0.900554, 0.907568
2023-07-03T09:13+00:00,4162036f83fcb16b98737f328d66ade9071c9244,launchPerformance,0.943840, 0.999849, 0.927617, 0.977517, 0.934705
2023-07-03T10:23+00:00,4162036f83fcb16b98737f328d66ade9071c9244,launchPerformance,0.896363, 0.959634, 0.918907, 0.864197, 0.889159
2023-07-03T11:14+00:00,4162036f83fcb16b98737f328d66ade9071c9244,launchPerformance,1.060511, 0.985881, 1.020436, 0.998811, 0.920511
2023-07-03T12:15+00:00,4162036f83fcb16b98737f328d66ade9071c9244,launchPerformance,0.927558, 0.912149, 0.894618, 0.876887, 0.924635
2023-07-03T13:18+00:00,4162036f83fcb16b98737f328d66ade9071c9244,launchPerformance,0.959318, 0.955558, 0.916927, 0.895165, 0.918096
2023-07-03T14:13+00:00,4162036f83fcb16b98737f328d66ade9071c9244,launchPerformance,0.955779, 0.939340, 0.925629, 0.896037, 0.911242
2023-07-03T15:13+00:00,4162036f83fcb16b98737f328d66ade9071c9244,launchPerformance,0.938223, 0.919541, 0.892793, 0.908898, 0.877746
2023-07-03T16:15+00:00,4162036f83fcb16b98737f328d66ade9071c9244,launchPerformance,0.889789, 0.923510, 0.897480, 0.873296, 0.878183
2023-07-03T17:13+00:00,4162036f83fcb16b98737f328d66ade9071c9244,launchPerformance,0.943421, 0.922738, 0.874234, 0.867938, 0.909519
2023-07-03T18:14+00:00,4162036f83fcb16b98737f328d66ade9071c9244,launchPerformance,0.954396, 0.927526, 0.898232, 0.912066, 0.882313
2023-07-03T19:13+00:00,4162036f83fcb16b98737f328d66ade9071c9244,launchPerformance,0.942141, 0.923071, 0.899719, 0.895796, 0.897792
2023-07-03T20:14+00:00,4162036f83fcb16b98737f328d66ade9071c9244,launchPerformance,0.979442, 0.906477, 0.899940, 0.901543, 0.904169
2023-07-03T21:14+00:00,4162036f83fcb16b98737f328d66ade9071c9244,launchPerformance,0.957131, 0.876730, 0.881668, 0.884636, 0.886595
2023-07-03T22:14+00:00,4162036f83fcb16b98737f328d66ade9071c9244,launchPerformance,0.956353, 0.906860, 0.905687, 0.896474, 0.912817
2023-07-03T23:14+00:00,4162036f83fcb16b98737f328d66ade9071c9244,launchPerformance,0.956591, 1.052434, 0.904279, 0.911822, 0.947968
2023-07-04T00:31+00:00,4162036f83fcb16b98737f328d66ade9071c9244,launchPerformance,0.935363, 0.965617, 0.946240, 0.877413, 0.888757
2023-07-04T01:45+00:00,4162036f83fcb16b98737f328d66ade9071c9244,launchPerformance,0.969167, 0.886237, 0.910585, 0.903693, 0.870996
2023-07-04T02:42+00:00,4162036f83fcb16b98737f328d66ade9071c9244,launchPerformance,0.943098, 0.879145, 0.888272, 0.888181, 0.873489
2023-07-04T03:25+00:00,4162036f83fcb16b98737f328d66ade9071c9244,launchPerformance,0.932920, 0.946280, 0.884831, 0.899059, 0.900729
2023-07-04T04:14+00:00,4162036f83fcb16b98737f328d66ade9071c9244,launchPerformance,0.930510, 0.886959, 0.963416, 1.029234, 0.873780
2023-07-04T05:14+00:00,4162036f83fcb16b98737f328d66ade9071c9244,launchPerformance,0.933819, 0.887860, 0.873995, 0.904418, 0.966996
2023-07-04T06:15+00:00,4162036f83fcb16b98737f328d66ade9071c9244,launchPerformance,0.964830, 0.929629, 0.910595, 0.902507, 0.891081
2023-07-04T07:15+00:00,caf23094b065f2e07e5760c3ad641e1f0dc175f1,launchPerformance,0.922170, 0.933458, 0.900858, 0.918017, 0.877016
2023-07-04T08:14+00:00,caf23094b065f2e07e5760c3ad641e1f0dc175f1,launchPerformance,0.920498, 0.870760, 0.887023, 0.892170, 0.885591
2023-07-04T09:13+00:00,caf23094b065f2e07e5760c3ad641e1f0dc175f1,launchPerformance,0.934213, 0.881707, 0.902277, 0.887982, 0.901248
2023-07-04T10:13+00:00,caf23094b065f2e07e5760c3ad641e1f0dc175f1,launchPerformance,0.950976, 0.960890, 0.883375, 0.890396, 0.888847
2023-07-06T11:09+00:00,1de2a0b3e3e340e83990a7526fbd1188e2c9b106,launchPerformance,0.971128, 0.973688, 0.972982, 1.152125, 1.000297
2023-07-06T11:31+00:00,1de2a0b3e3e340e83990a7526fbd1188e2c9b106,launchPerformance,0.971871, 1.009837, 0.982818, 0.975491, 0.947395
2023-07-06T11:59+00:00,5db9c4db5de2f1e0a3bd469f0c614712fe67184d,launchPerformance,0.982030, 0.962093, 0.993867, 1.039381, 1.045103
2023-07-06T12:18+00:00,1de2a0b3e3e340e83990a7526fbd1188e2c9b106,launchPerformance,1.028115, 0.995467, 0.965473, 0.982893, 1.023259
2023-07-06T13:11+00:00,5db9c4db5de2f1e0a3bd469f0c614712fe67184d,launchPerformance,0.954481, 0.956875, 1.005756, 0.993866, 0.987753
2023-07-06T16:08+00:00,f106079b84aa2d80c7c3bc88d31c1ee5b867f93e,launchPerformance,0.993922, 0.974358, 0.970033, 1.044057, 1.020388
2023-07-06T16:43+00:00,f106079b84aa2d80c7c3bc88d31c1ee5b867f93e,launchPerformance,1.215817, 1.071922, 1.120906, 0.991700, 1.008177
2023-07-06T17:15+00:00,3afb8fa867e26fea3001fd2621af7eb515e08dfa,launchPerformance,0.985213, 0.962696, 0.923462, 1.023301, 1.027443
2023-07-06T18:15+00:00,3afb8fa867e26fea3001fd2621af7eb515e08dfa,launchPerformance,0.971328, 0.951255, 0.971448, 0.995705, 1.007914
2023-07-06T19:14+00:00,3afb8fa867e26fea3001fd2621af7eb515e08dfa,launchPerformance,0.966898, 0.953629, 1.008948, 0.986832, 1.001255
2023-07-06T20:14+00:00,3afb8fa867e26fea3001fd2621af7eb515e08dfa,launchPerformance,0.987496, 0.967075, 1.048051, 1.058448, 0.989783
2023-07-06T21:14+00:00,3afb8fa867e26fea3001fd2621af7eb515e08dfa,launchPerformance,0.941134, 0.980227, 1.003260, 1.016815, 1.007326
2023-07-06T22:14+00:00,13b7357c666ff77609d673b44e43f05353292e97,launchPerformance,0.924964, 0.973853, 1.006180, 0.997742, 0.993432
2023-07-06T23:14+00:00,13b7357c666ff77609d673b44e43f05353292e97,launchPerformance,0.992478, 1.083346, 1.044179, 1.017766, 1.017451
2023-07-07T00:31+00:00,13b7357c666ff77609d673b44e43f05353292e97,launchPerformance,0.980727, 0.977657, 1.032493, 1.021991, 0.974042
2023-07-07T01:43+00:00,13b7357c666ff77609d673b44e43f05353292e97,launchPerformance,0.951434, 0.967969, 1.015575, 0.991799, 0.989385
2023-07-07T02:41+00:00,13b7357c666ff77609d673b44e43f05353292e97,launchPerformance,0.948922, 0.968296, 1.012159, 1.045658, 0.998299
2023-07-07T03:23+00:00,13b7357c666ff77609d673b44e43f05353292e97,launchPerformance,0.961378, 0.962993, 1.033180, 1.004153, 0.973977
2023-07-07T04:14+00:00,13b7357c666ff77609d673b44e43f05353292e97,launchPerformance,0.948973, 0.985090, 0.992987, 1.045739, 0.977055
2023-07-07T05:14+00:00,13b7357c666ff77609d673b44e43f05353292e97,launchPerformance,0.989990, 1.029337, 1.029914, 1.006669, 1.010675
2023-07-07T06:16+00:00,13b7357c666ff77609d673b44e43f05353292e97,launchPerformance,0.969817, 1.029704, 1.006345, 1.039038, 0.964414
2023-07-07T07:14+00:00,13b7357c666ff77609d673b44e43f05353292e97,launchPerformance,0.953888, 0.994922, 1.019527, 1.033121, 0.993569
2023-07-07T08:16+00:00,d2fe6630033b647781ab61377420b05eee4e7dfd,launchPerformance,0.995182, 0.967322, 1.018268, 1.043796, 0.960077
2023-07-07T09:10+00:00,f106079b84aa2d80c7c3bc88d31c1ee5b867f93e,launchPerformance,0.962494, 1.040790, 1.064253, 0.962783, 0.940655
2023-07-07T09:32+00:00,f106079b84aa2d80c7c3bc88d31c1ee5b867f93e,launchPerformance,1.332725, 1.390840, 1.036641, 0.995269, 1.014174
2023-07-07T10:16+00:00,448db8a8e9a0687bab2521e0f207cbfbcc8c8df2,launchPerformance,1.486530, 1.908718, 1.004518, 1.042335, 1.055567
2023-07-07T10:43+00:00,ee9e83bd546c09b5a4374aac3e0ef3cb7be58096,launchPerformance,1.013315, 0.995253, 0.944646, 1.015222, 1.026874
2023-07-07T11:14+00:00,5741087b190a34eb2051b1bd6f8efec324acb99b,launchPerformance,1.089652, 1.050767, 1.017326, 1.082003, 1.114874
2023-07-07T11:28+00:00,448db8a8e9a0687bab2521e0f207cbfbcc8c8df2,launchPerformance,1.068794, 1.336148, 1.199370, 1.183716, 1.349213
2023-07-07T12:18+00:00,448db8a8e9a0687bab2521e0f207cbfbcc8c8df2,launchPerformance,1.787904, 1.184033, 1.124263, 1.836636, 1.545984
2023-07-07T14:11+00:00,91fecb45b113cd55388ba14ade1e955025ef056c,launchPerformance,1.026648, 1.036283, 1.108395, 1.053061, 1.040976
2023-07-07T14:22+00:00,448db8a8e9a0687bab2521e0f207cbfbcc8c8df2,launchPerformance,0.983999, 0.980440, 0.968442, 0.905896, 0.998969
2023-07-07T14:55+00:00,91fecb45b113cd55388ba14ade1e955025ef056c,launchPerformance,0.977056, 0.981608, 1.092228, 1.018280, 1.008505
2023-07-07T15:16+00:00,83e27564d5862fa040c876ab4d491ae1ac629c9e,launchPerformance,0.992880, 1.017837, 0.970295, 0.945456, 0.951018
2023-07-10T08:48+00:00,83e27564d5862fa040c876ab4d491ae1ac629c9e,launchPerformance,1.027682, 1.051579, 1.052908, 1.213635, 1.121103
2023-07-10T08:48+00:00,83e27564d5862fa040c876ab4d491ae1ac629c9e,loginPerformance,0.268980, 0.305908, 0.317379, 0.294614, 0.357394
2023-07-10T08:48+00:00,83e27564d5862fa040c876ab4d491ae1ac629c9e,totalTime,111.983850, 112.456656, 112.380291, 111.824503, 112.459243
2023-07-10T08:48+00:00,83e27564d5862fa040c876ab4d491ae1ac629c9e,roomflowPerformance,21.658354, 22.031916, 21.976702, 21.486660, 22.074982
2023-07-10T08:48+00:00,83e27564d5862fa040c876ab4d491ae1ac629c9e,syncPerformance,0.547178, 0.740559, 0.568958, 0.506751, 0.517356
2023-07-10T08:48+00:00,83e27564d5862fa040c876ab4d491ae1ac629c9e,launchPerformance,1.205084, 1.222006, 1.135844, 1.056058, 1.079205
2023-07-10T09:44+00:00,ca62a2fe3fa1e6222c92baad41aa735cd20113f8,loginPerformance,0.505992, 0.302540, 0.340468, 0.450196, 0.323875
2023-07-10T09:44+00:00,ca62a2fe3fa1e6222c92baad41aa735cd20113f8,totalTime,124.736685, 122.213010, 122.637220, 123.052656, 122.215335
2023-07-10T09:44+00:00,ca62a2fe3fa1e6222c92baad41aa735cd20113f8,roomflowPerformance,21.771761, 21.511979, 22.004039, 22.004006, 21.516466
2023-07-10T09:44+00:00,ca62a2fe3fa1e6222c92baad41aa735cd20113f8,syncPerformance,0.453175, 0.550935, 0.502832, 0.506124, 0.544081
2023-07-10T09:44+00:00,ca62a2fe3fa1e6222c92baad41aa735cd20113f8,launchPerformance,1.075459, 1.211811, 1.276346, 1.156773, 1.128839
2023-07-10T10:15+00:00,83e27564d5862fa040c876ab4d491ae1ac629c9e,launchPerformance,0.949221, 0.976159, 0.943541, 0.979086, 0.992733
2023-07-10T11:03+00:00,5c3fdee4af76c0a353d231a0cdc072536f65b7b6,IntegrationTests.ApplicationTests testLaunchPerformance,Duration (AppLaunch), s,1.076789, 1.089523, 1.089698, 1.021538, 1.061349
2023-07-10T11:03+00:00,5c3fdee4af76c0a353d231a0cdc072536f65b7b6,loginPerformance,0.319622, 0.270664, 0.325715, 0.433106, 0.328420
2023-07-10T11:03+00:00,5c3fdee4af76c0a353d231a0cdc072536f65b7b6,totalTime,122.570208, 122.516717, 122.874971, 122.772028, 123.006967
2023-07-10T11:03+00:00,5c3fdee4af76c0a353d231a0cdc072536f65b7b6,roomflowPerformance,22.064800, 21.998079, 21.976214, 21.976159, 22.005050
2023-07-10T11:03+00:00,5c3fdee4af76c0a353d231a0cdc072536f65b7b6,syncPerformance,0.572300, 0.490268, 0.455865, 0.681318, 0.539489
2023-07-10T11:03+00:00,5c3fdee4af76c0a353d231a0cdc072536f65b7b6,launchPerformance,1.102795, 1.186756, 1.074098, 1.085109, 1.106380
2023-07-10T11:15+00:00,83e27564d5862fa040c876ab4d491ae1ac629c9e,launchPerformance,0.939594, 0.962480, 0.945569, 1.028695, 0.942359
2023-07-10T12:17+00:00,c453cc0680b46e2f441c59bda8600e8456c84a67,launchPerformance,0.969971, 0.955710, 0.989108, 0.978817, 0.974020
2023-07-10T13:19+00:00,c453cc0680b46e2f441c59bda8600e8456c84a67,launchPerformance,0.960897, 0.970161, 0.980265, 0.951500, 0.970600
2023-07-10T14:14+00:00,c453cc0680b46e2f441c59bda8600e8456c84a67,launchPerformance,0.955169, 0.971465, 0.968996, 1.029523, 0.920085
2023-07-10T16:16+00:00,2cec1858ffeaeb7199e400f6b00ed116a14edf59,launchPerformance,0.882790, 0.881659, 0.855568, 0.873381, 0.882673
